-- MySQL dump 10.13  Distrib 5.6.24, for Win64 (x86_64)
--
-- Host: liyarou.com    Database: qimei
-- ------------------------------------------------------
-- Server version	5.5.40-0ubuntu0.14.04.1

/*!40101 SET @OLD_CHARACTER_SET_CLIENT=@@CHARACTER_SET_CLIENT */;
/*!40101 SET @OLD_CHARACTER_SET_RESULTS=@@CHARACTER_SET_RESULTS */;
/*!40101 SET @OLD_COLLATION_CONNECTION=@@COLLATION_CONNECTION */;
/*!40101 SET NAMES utf8 */;
/*!40103 SET @OLD_TIME_ZONE=@@TIME_ZONE */;
/*!40103 SET TIME_ZONE='+00:00' */;
/*!40014 SET @OLD_UNIQUE_CHECKS=@@UNIQUE_CHECKS, UNIQUE_CHECKS=0 */;
/*!40014 SET @OLD_FOREIGN_KEY_CHECKS=@@FOREIGN_KEY_CHECKS, FOREIGN_KEY_CHECKS=0 */;
/*!40101 SET @OLD_SQL_MODE=@@SQL_MODE, SQL_MODE='NO_AUTO_VALUE_ON_ZERO' */;
/*!40111 SET @OLD_SQL_NOTES=@@SQL_NOTES, SQL_NOTES=0 */;

--
-- Table structure for table `ClientDetails`
--

DROP TABLE IF EXISTS `ClientDetails`;
/*!40101 SET @saved_cs_client     = @@character_set_client */;
/*!40101 SET character_set_client = utf8 */;
CREATE TABLE `ClientDetails` (
  `appId` varchar(255) NOT NULL,
  `resourceIds` varchar(255) DEFAULT NULL,
  `appSecret` varchar(255) DEFAULT NULL,
  `scope` varchar(255) DEFAULT NULL,
  `grantTypes` varchar(255) DEFAULT NULL,
  `redirectUrl` varchar(255) DEFAULT NULL,
  `authorities` varchar(255) DEFAULT NULL,
  `access_token_validity` int(11) DEFAULT NULL,
  `refresh_token_validity` int(11) DEFAULT NULL,
  `additionalInformation` varchar(4096) DEFAULT NULL,
  PRIMARY KEY (`appId`)
) ENGINE=InnoDB DEFAULT CHARSET=utf8;
/*!40101 SET character_set_client = @saved_cs_client */;

--
-- Dumping data for table `ClientDetails`
--

LOCK TABLES `ClientDetails` WRITE;
/*!40000 ALTER TABLE `ClientDetails` DISABLE KEYS */;
/*!40000 ALTER TABLE `ClientDetails` ENABLE KEYS */;
UNLOCK TABLES;

--
-- Table structure for table `oauth_access_token`
--

DROP TABLE IF EXISTS `oauth_access_token`;
/*!40101 SET @saved_cs_client     = @@character_set_client */;
/*!40101 SET character_set_client = utf8 */;
CREATE TABLE `oauth_access_token` (
  `token_id` varchar(255) DEFAULT NULL,
  `token` blob,
  `authentication_id` varchar(255) DEFAULT NULL,
  `user_name` varchar(255) DEFAULT NULL,
  `client_id` varchar(255) DEFAULT NULL,
  `authentication` blob,
  `refresh_token` varchar(255) DEFAULT NULL
) ENGINE=InnoDB DEFAULT CHARSET=utf8;
/*!40101 SET character_set_client = @saved_cs_client */;

--
-- Dumping data for table `oauth_access_token`
--

LOCK TABLES `oauth_access_token` WRITE;
/*!40000 ALTER TABLE `oauth_access_token` DISABLE KEYS */;
INSERT INTO `oauth_access_token` VALUES ('915d69b231af9bb33a33ac1681d14cff','¨Ì\0sr\0Corg.springframework.security.oauth2.common.DefaultOAuth2AccessToken≤û6$˙Œ\0L\0additionalInformationt\0Ljava/util/Map;L\0\nexpirationt\0Ljava/util/Date;L\0refreshTokent\0?Lorg/springframework/security/oauth2/common/OAuth2RefreshToken;L\0scopet\0Ljava/util/Set;L\0	tokenTypet\0Ljava/lang/String;L\0valueq\0~\0xpsr\0java.util.Collections$EmptyMapY6ÖZ‹Á–\0\0xpsr\0java.util.DatehjÅKYt\0\0xpw\0\0P.‚»∫xsr\0Lorg.springframework.security.oauth2.common.DefaultExpiringOAuth2RefreshToken/ﬂGcù–…∑\0L\0\nexpirationq\0~\0xr\0Dorg.springframework.security.oauth2.common.DefaultOAuth2RefreshTokens·\ncT‘^\0L\0valueq\0~\0xpt\0$0919bbf8-27e9-405e-b396-d569a70d2ccfsq\0~\0	w\0\0P∆Œbπxsr\0%java.util.Collections$UnmodifiableSetÄí—èõÄU\0\0xr\0,java.util.Collections$UnmodifiableCollectionB\0ÄÀ^˜\0L\0ct\0Ljava/util/Collection;xpsr\0java.util.LinkedHashSetÿl◊Zï›*\0\0xr\0java.util.HashSet∫DÖïñ∏∑4\0\0xpw\0\0\0?@\0\0\0\0\0t\0readt\0writext\0bearert\0$0dc84495-62d0-469e-9481-d11b097ce1af','1e48b66719deae09a39143879a4b762e','admin','clientapp','¨Ì\0sr\0Aorg.springframework.security.oauth2.provider.OAuth2AuthenticationΩ@bR\0L\0\rstoredRequestt\0<Lorg/springframework/security/oauth2/provider/OAuth2Request;L\0userAuthenticationt\02Lorg/springframework/security/core/Authentication;xr\0Gorg.springframework.security.authentication.AbstractAuthenticationToken”™(~nGd\0Z\0\rauthenticatedL\0authoritiest\0Ljava/util/Collection;L\0detailst\0Ljava/lang/Object;xp\0sr\0&java.util.Collections$UnmodifiableList¸%1µÏé\0L\0listt\0Ljava/util/List;xr\0,java.util.Collections$UnmodifiableCollectionB\0ÄÀ^˜\0L\0cq\0~\0xpsr\0java.util.ArrayListxÅ“ô«aù\0I\0sizexp\0\0\0w\0\0\0sr\0Borg.springframework.security.core.authority.SimpleGrantedAuthority\0\0\0\0\0\0ê\0L\0rolet\0Ljava/lang/String;xpt\0	ROLE_USERsq\0~\0\rt\0ROLE_MANAGERsq\0~\0\rt\0\nROLE_ADMINsq\0~\0\rt\0ROLE_AUTHEDxq\0~\0psr\0:org.springframework.security.oauth2.provider.OAuth2Request\0\0\0\0\0\0\0\0Z\0approvedL\0authoritiesq\0~\0L\0\nextensionst\0Ljava/util/Map;L\0redirectUriq\0~\0L\0resourceIdst\0Ljava/util/Set;L\0\rresponseTypesq\0~\0xr\08org.springframework.security.oauth2.provider.BaseRequest6(z>£qiΩ\0L\0clientIdq\0~\0L\0requestParametersq\0~\0L\0scopeq\0~\0xpt\0	clientappsr\0%java.util.Collections$UnmodifiableMapÒ•®˛tıB\0L\0mq\0~\0xpsr\0java.util.HashMap⁄¡√`—\0F\0\nloadFactorI\0	thresholdxp?@\0\0\0\0\0w\0\0\0\0\0\0t\0\ngrant_typet\0passwordt\0scopet\0\nread writet\0	client_idt\0	clientappt\0usernamet\0adminxsr\0%java.util.Collections$UnmodifiableSetÄí—èõÄU\0\0xq\0~\0	sr\0java.util.LinkedHashSetÿl◊Zï›*\0\0xr\0java.util.HashSet∫DÖïñ∏∑4\0\0xpw\0\0\0?@\0\0\0\0\0t\0readt\0writexsq\0~\0,w\0\0\0?@\0\0\0\0\0sq\0~\0\rt\0USERxsq\0~\0?@\0\0\0\0\0\0w\0\0\0\0\0\0\0xpsq\0~\0+w\0\0\0?@\0\0\0\0\0t\0restservicexsq\0~\0,w\0\0\0?@\0\0\0\0\0\0xsr\0Oorg.springframework.security.authentication.UsernamePasswordAuthenticationToken\0\0\0\0\0\0ê\0L\0credentialsq\0~\0L\0	principalq\0~\0xq\0~\0sq\0~\0sq\0~\0\0\0\0w\0\0\0q\0~\0q\0~\0q\0~\0q\0~\0xq\0~\0:sr\0java.util.LinkedHashMap4¿N\\l¿˚\0Z\0accessOrderxq\0~\0?@\0\0\0\0\0w\0\0\0\0\0\0q\0~\0\'q\0~\0(q\0~\0!q\0~\0\"q\0~\0#q\0~\0$t\0\rclient_secrett\0 f506d105142e2928e2e37675b560ff75q\0~\0%q\0~\0&x\0psr\0com.qimei.common.model.User¥R¥≤˘$\0\0L\0accuracyt\0Ljava/lang/Double;L\0cityq\0~\0L\0countryq\0~\0L\0\nheadimgurlq\0~\0L\0languageq\0~\0L\0lastLoginIpq\0~\0L\0\rlastLoginTimet\0Ljava/util/Date;L\0latitudeq\0~\0@L\0likesq\0~\0L\0	longitudeq\0~\0@L\0nicknameq\0~\0L\0openidq\0~\0L\0passwordq\0~\0L\0phoneq\0~\0L\0provinceq\0~\0L\0sexq\0~\0L\0	subscribet\0Ljava/lang/Integer;L\0\rsubscribeTimet\0Ljava/lang/Long;L\0unionidq\0~\0L\0usernameq\0~\0xr\0!com.qimei.common.model.BaseEntity/ZtOm—AÖ\0L\0\ncreateTimeq\0~\0AL\0idq\0~\0CL\0statust\0Lcom/qimei/common/model/Status;xpsr\0java.sql.Timestamp&’»Søe\0I\0nanosxr\0java.util.DatehjÅKYt\0\0xpw\0\0P&Ö+(x\0\0\0\0sr\0java.lang.Long;ã‰êÃè#ﬂ\0J\0valuexr\0java.lang.NumberÜ¨ïî‡ã\0\0xp\0\0\0\0\0\0\0~r\0com.qimei.common.model.Status\0\0\0\0\0\0\0\0\0\0xr\0java.lang.Enum\0\0\0\0\0\0\0\0\0\0xpt\0OKppppppppsr\0/org.hibernate.collection.internal.PersistentBagFJd\\.ƒ\0L\0bagq\0~\0xr\0>org.hibernate.collection.internal.AbstractPersistentCollectionÑJ~wÆç\0	Z\0allowLoadOutsideTransactionI\0\ncachedSizeZ\0dirtyZ\0initializedL\0keyt\0Ljava/io/Serializable;L\0ownerq\0~\0L\0roleq\0~\0L\0sessionFactoryUuidq\0~\0L\0storedSnapshotq\0~\0Sxp\0ˇˇˇˇ\0\0q\0~\0Lq\0~\0Ft\0!com.qimei.common.model.User.likesppppt\0adminpt\0<$2a$10$4ONqBZdBwiIY52RBd11wn.59Y1s5MKm3OFnGJ34kUFQ1eRLU.RqnSt\0123pppppt\0admin','bbb236359d76ce990182a324c873cf99');
/*!40000 ALTER TABLE `oauth_access_token` ENABLE KEYS */;
UNLOCK TABLES;

--
-- Table structure for table `oauth_client_details`
--

DROP TABLE IF EXISTS `oauth_client_details`;
/*!40101 SET @saved_cs_client     = @@character_set_client */;
/*!40101 SET character_set_client = utf8 */;
CREATE TABLE `oauth_client_details` (
  `client_id` varchar(255) NOT NULL,
  `resource_ids` varchar(255) DEFAULT NULL,
  `client_secret` varchar(255) DEFAULT NULL,
  `scope` varchar(255) DEFAULT NULL,
  `authorized_grant_types` varchar(255) DEFAULT NULL,
  `web_server_redirect_uri` varchar(255) DEFAULT NULL,
  `authorities` varchar(255) DEFAULT NULL,
  `access_token_validity` int(11) DEFAULT NULL,
  `refresh_token_validity` int(11) DEFAULT NULL,
  `additional_information` varchar(4096) DEFAULT NULL,
  PRIMARY KEY (`client_id`)
) ENGINE=InnoDB DEFAULT CHARSET=utf8;
/*!40101 SET character_set_client = @saved_cs_client */;

--
-- Dumping data for table `oauth_client_details`
--

LOCK TABLES `oauth_client_details` WRITE;
/*!40000 ALTER TABLE `oauth_client_details` DISABLE KEYS */;
/*!40000 ALTER TABLE `oauth_client_details` ENABLE KEYS */;
UNLOCK TABLES;

--
-- Table structure for table `oauth_client_token`
--

DROP TABLE IF EXISTS `oauth_client_token`;
/*!40101 SET @saved_cs_client     = @@character_set_client */;
/*!40101 SET character_set_client = utf8 */;
CREATE TABLE `oauth_client_token` (
  `token_id` varchar(255) DEFAULT NULL,
  `token` blob,
  `authentication_id` varchar(255) DEFAULT NULL,
  `user_name` varchar(255) DEFAULT NULL,
  `client_id` varchar(255) DEFAULT NULL
) ENGINE=InnoDB DEFAULT CHARSET=utf8;
/*!40101 SET character_set_client = @saved_cs_client */;

--
-- Dumping data for table `oauth_client_token`
--

LOCK TABLES `oauth_client_token` WRITE;
/*!40000 ALTER TABLE `oauth_client_token` DISABLE KEYS */;
/*!40000 ALTER TABLE `oauth_client_token` ENABLE KEYS */;
UNLOCK TABLES;

--
-- Table structure for table `oauth_code`
--

DROP TABLE IF EXISTS `oauth_code`;
/*!40101 SET @saved_cs_client     = @@character_set_client */;
/*!40101 SET character_set_client = utf8 */;
CREATE TABLE `oauth_code` (
  `code` varchar(255) DEFAULT NULL,
  `authentication` blob
) ENGINE=InnoDB DEFAULT CHARSET=utf8;
/*!40101 SET character_set_client = @saved_cs_client */;

--
-- Dumping data for table `oauth_code`
--

LOCK TABLES `oauth_code` WRITE;
/*!40000 ALTER TABLE `oauth_code` DISABLE KEYS */;
/*!40000 ALTER TABLE `oauth_code` ENABLE KEYS */;
UNLOCK TABLES;

--
-- Table structure for table `oauth_refresh_token`
--

DROP TABLE IF EXISTS `oauth_refresh_token`;
/*!40101 SET @saved_cs_client     = @@character_set_client */;
/*!40101 SET character_set_client = utf8 */;
CREATE TABLE `oauth_refresh_token` (
  `token_id` varchar(255) DEFAULT NULL,
  `token` blob,
  `authentication` blob
) ENGINE=InnoDB DEFAULT CHARSET=utf8;
/*!40101 SET character_set_client = @saved_cs_client */;

--
-- Dumping data for table `oauth_refresh_token`
--

LOCK TABLES `oauth_refresh_token` WRITE;
/*!40000 ALTER TABLE `oauth_refresh_token` DISABLE KEYS */;
INSERT INTO `oauth_refresh_token` VALUES ('bbb236359d76ce990182a324c873cf99','¨Ì\0sr\0Lorg.springframework.security.oauth2.common.DefaultExpiringOAuth2RefreshToken/ﬂGcù–…∑\0L\0\nexpirationt\0Ljava/util/Date;xr\0Dorg.springframework.security.oauth2.common.DefaultOAuth2RefreshTokens·\ncT‘^\0L\0valuet\0Ljava/lang/String;xpt\0$0919bbf8-27e9-405e-b396-d569a70d2ccfsr\0java.util.DatehjÅKYt\0\0xpw\0\0P∆Œbπx','¨Ì\0sr\0Aorg.springframework.security.oauth2.provider.OAuth2AuthenticationΩ@bR\0L\0\rstoredRequestt\0<Lorg/springframework/security/oauth2/provider/OAuth2Request;L\0userAuthenticationt\02Lorg/springframework/security/core/Authentication;xr\0Gorg.springframework.security.authentication.AbstractAuthenticationToken”™(~nGd\0Z\0\rauthenticatedL\0authoritiest\0Ljava/util/Collection;L\0detailst\0Ljava/lang/Object;xp\0sr\0&java.util.Collections$UnmodifiableList¸%1µÏé\0L\0listt\0Ljava/util/List;xr\0,java.util.Collections$UnmodifiableCollectionB\0ÄÀ^˜\0L\0cq\0~\0xpsr\0java.util.ArrayListxÅ“ô«aù\0I\0sizexp\0\0\0w\0\0\0sr\0Borg.springframework.security.core.authority.SimpleGrantedAuthority\0\0\0\0\0\0ê\0L\0rolet\0Ljava/lang/String;xpt\0ROLE_MANAGERsq\0~\0\rt\0ROLE_AUTHEDxq\0~\0psr\0:org.springframework.security.oauth2.provider.OAuth2Request\0\0\0\0\0\0\0\0Z\0approvedL\0authoritiesq\0~\0L\0\nextensionst\0Ljava/util/Map;L\0redirectUriq\0~\0L\0resourceIdst\0Ljava/util/Set;L\0\rresponseTypesq\0~\0xr\08org.springframework.security.oauth2.provider.BaseRequest6(z>£qiΩ\0L\0clientIdq\0~\0L\0requestParametersq\0~\0L\0scopeq\0~\0xpt\0	clientappsr\0%java.util.Collections$UnmodifiableMapÒ•®˛tıB\0L\0mq\0~\0xpsr\0java.util.HashMap⁄¡√`—\0F\0\nloadFactorI\0	thresholdxp?@\0\0\0\0\0w\0\0\0\0\0\0t\0\ngrant_typet\0passwordt\0scopet\0\nread writet\0	client_idt\0	clientappt\0usernamet\0adminxsr\0%java.util.Collections$UnmodifiableSetÄí—èõÄU\0\0xq\0~\0	sr\0java.util.LinkedHashSetÿl◊Zï›*\0\0xr\0java.util.HashSet∫DÖïñ∏∑4\0\0xpw\0\0\0?@\0\0\0\0\0t\0readt\0writexsq\0~\0(w\0\0\0?@\0\0\0\0\0sq\0~\0\rt\0USERxsq\0~\0?@\0\0\0\0\0\0w\0\0\0\0\0\0\0xpsq\0~\0\'w\0\0\0?@\0\0\0\0\0t\0restservicexsq\0~\0(w\0\0\0?@\0\0\0\0\0\0xsr\0Oorg.springframework.security.authentication.UsernamePasswordAuthenticationToken\0\0\0\0\0\0ê\0L\0credentialsq\0~\0L\0	principalq\0~\0xq\0~\0sq\0~\0sq\0~\0\0\0\0w\0\0\0q\0~\0q\0~\0xq\0~\06sr\0java.util.LinkedHashMap4¿N\\l¿˚\0Z\0accessOrderxq\0~\0?@\0\0\0\0\0w\0\0\0\0\0\0q\0~\0#q\0~\0$q\0~\0q\0~\0q\0~\0q\0~\0 t\0\rclient_secrett\0 f506d105142e2928e2e37675b560ff75q\0~\0!q\0~\0\"x\0psr\0com.qimei.common.model.User¥R¥≤˘$\0\0L\0accuracyt\0Ljava/lang/Double;L\0cityq\0~\0L\0countryq\0~\0L\0\nheadimgurlq\0~\0L\0languageq\0~\0L\0lastLoginIpq\0~\0L\0\rlastLoginTimet\0Ljava/util/Date;L\0latitudeq\0~\0<L\0likesq\0~\0L\0	longitudeq\0~\0<L\0nicknameq\0~\0L\0openidq\0~\0L\0passwordq\0~\0L\0phoneq\0~\0L\0provinceq\0~\0L\0sexq\0~\0L\0	subscribet\0Ljava/lang/Integer;L\0\rsubscribeTimet\0Ljava/lang/Long;L\0unionidq\0~\0L\0usernameq\0~\0xr\0!com.qimei.common.model.BaseEntity/ZtOm—AÖ\0L\0\ncreateTimeq\0~\0=L\0idq\0~\0?L\0statust\0Lcom/qimei/common/model/Status;xpsr\0java.sql.Timestamp&’»Søe\0I\0nanosxr\0java.util.DatehjÅKYt\0\0xpw\0\0P&Ö+(x\0\0\0\0sr\0java.lang.Long;ã‰êÃè#ﬂ\0J\0valuexr\0java.lang.NumberÜ¨ïî‡ã\0\0xp\0\0\0\0\0\0\0~r\0com.qimei.common.model.Status\0\0\0\0\0\0\0\0\0\0xr\0java.lang.Enum\0\0\0\0\0\0\0\0\0\0xpt\0OKppppppppsr\0/org.hibernate.collection.internal.PersistentBagFJd\\.ƒ\0L\0bagq\0~\0xr\0>org.hibernate.collection.internal.AbstractPersistentCollectionÑJ~wÆç\0	Z\0allowLoadOutsideTransactionI\0\ncachedSizeZ\0dirtyZ\0initializedL\0keyt\0Ljava/io/Serializable;L\0ownerq\0~\0L\0roleq\0~\0L\0sessionFactoryUuidq\0~\0L\0storedSnapshotq\0~\0Oxp\0ˇˇˇˇ\0\0q\0~\0Hq\0~\0Bt\0!com.qimei.common.model.User.likesppppt\0adminpt\0<$2a$10$4ONqBZdBwiIY52RBd11wn.59Y1s5MKm3OFnGJ34kUFQ1eRLU.RqnSt\0123pppppt\0admin');
/*!40000 ALTER TABLE `oauth_refresh_token` ENABLE KEYS */;
UNLOCK TABLES;

--
-- Table structure for table `qimei_actor`
--

DROP TABLE IF EXISTS `qimei_actor`;
/*!40101 SET @saved_cs_client     = @@character_set_client */;
/*!40101 SET character_set_client = utf8 */;
CREATE TABLE `qimei_actor` (
  `id` int(10) NOT NULL AUTO_INCREMENT,
  `name` varchar(45) DEFAULT NULL,
  `origin_name` varchar(45) DEFAULT NULL,
  `avatar` varchar(255) DEFAULT NULL COMMENT 'Â§¥ÂÉèÔºåÂ∞èÂõæ',
  `background` varchar(255) DEFAULT NULL COMMENT 'ËÉåÊôØÂ§ßÂõæ',
  `introduction` varchar(255) DEFAULT NULL,
  `status` varchar(45) DEFAULT 'OK',
  `create_time` timestamp NULL DEFAULT CURRENT_TIMESTAMP,
  PRIMARY KEY (`id`)
) ENGINE=InnoDB AUTO_INCREMENT=15 DEFAULT CHARSET=utf8 COMMENT='ÊòéÊòüË°®';
/*!40101 SET character_set_client = @saved_cs_client */;

--
-- Dumping data for table `qimei_actor`
--

LOCK TABLES `qimei_actor` WRITE;
/*!40000 ALTER TABLE `qimei_actor` DISABLE KEYS */;
INSERT INTO `qimei_actor` VALUES (1,'ÈíüÊ±âËâØ','ÈíüÊ±âËâØ',NULL,NULL,'1974Âπ¥11Êúà30Êó•Âá∫Áîü‰∫é‰∏≠ÂõΩÈ¶ôÊ∏ØÔºåÂΩ±ËßÜÊºîÂëò„ÄÅÊ≠åÊâã„ÄÅËàûËÄÖ','OK','2015-10-01 09:19:38'),(2,'ÂîêÂ´£','ÂîêÂ´£',NULL,NULL,'1983Âπ¥12Êúà6Êó•Âá∫Áîü‰∫é‰∏äÊµ∑Ôºå‰∏≠ÂõΩÂ•≥ÊºîÂëò','OK','2015-10-01 09:19:38'),(3,'ÈôàËµ´','ÈôàËµ´',NULL,NULL,'1985Âπ¥11Êúà9Êó•Âá∫Áîü‰∫éÁ¶èÂª∫Èïø‰πêÔºå‰∏≠ÂõΩÂ§ßÈôÜÁî∑ÊºîÂëò„ÄÇÊØï‰∏ö‰∫é‰∏äÊµ∑ÊàèÂâßÂ≠¶Èô¢Ë°®ÊºîÁ≥ªÔºå‰∏äÊµ∑ËØùÂâßËâ∫ÊúØ‰∏≠ÂøÉÊºîÂëò','OK','2015-10-01 09:19:39'),(4,'Â®ÑËâ∫ÊΩá','Â®ÑËâ∫ÊΩá',NULL,NULL,'1988Âπ¥12Êúà27Êó•Âá∫Áîü‰∫éËæΩÂÆÅÁúÅÂ§ßËøûÂ∏ÇÔºå‰∏≠ÂõΩÂ•≥ÊºîÂëò„ÄÇÊØï‰∏ö‰∫é‰∏äÊµ∑ÊàèÂâßÂ≠¶Èô¢Ë°®ÊºîÁ≥ª','OK','2015-10-01 09:19:39'),(5,'Â≠ôËâ∫Ê¥≤','Â≠ôËâ∫Ê¥≤',NULL,NULL,'1983Âπ¥10Êúà23Êó•Âá∫Áîü‰∫éÂõõÂ∑ùÊàêÈÉΩÔºå‰∏äÊµ∑ËØùÂâßËâ∫ÊúØ‰∏≠ÂøÉËØùÂâßÊºîÂëò','OK','2015-10-01 09:19:39'),(6,'ÊùéÈáëÈì≠','ÊùéÈáëÈì≠',NULL,NULL,'1985Âπ¥11Êúà21Êó•Âá∫Áîü‰∫éÂ±±‰∏úÊµéÂçóÁ´†‰∏òÔºå‰∏≠ÂõΩÂ•≥ÊºîÂëò„ÄÅ‰∏ªÊåÅ‰∫∫','OK','2015-10-01 09:19:40'),(7,'Âàò‰∫¶Ëè≤','Âàò‰∫¶Ëè≤','NO_AVATAR_YET','NO_BACKGRO','ÊàëÊòØÂàò‰∫¶Ëè≤ÔºåÊàëÂ∞±ÊòØÂ∞è‰ªôÂ•≥','OK','2015-09-30 22:23:23'),(8,'ÈªÑÊôìÊòé','ÈªÑÊôìÊòé','NO_AVATAR_YET','NO_BACKGRO','ÈóπÂ§™Â•óÂ∞±ÊòØÊàë','OK','2015-09-30 23:19:20'),(12,'ÊñπÂΩ¨ÂΩ¨ÂΩ¨','ÁâõÁöÆÁô£1',NULL,'ËøôÊòØ‰∏ÄÂº†ÈùûÂ∏∏ÈùûÂ∏∏ÈïøÁöÑÂõæÁâáLLLLLLOOOOOOOOOOOOOG PIC',NULL,'DELETED','2015-10-02 06:51:38'),(13,'ËåÉÂÜ∞ÂÜ∞',NULL,NULL,'NOT',NULL,'OK','2015-10-02 08:00:21'),(14,'zqin',NULL,NULL,NULL,NULL,'OK','2015-10-02 11:01:05');
/*!40000 ALTER TABLE `qimei_actor` ENABLE KEYS */;
UNLOCK TABLES;

--
-- Table structure for table `qimei_episode`
--

DROP TABLE IF EXISTS `qimei_episode`;
/*!40101 SET @saved_cs_client     = @@character_set_client */;
/*!40101 SET character_set_client = utf8 */;
CREATE TABLE `qimei_episode` (
  `id` int(10) NOT NULL AUTO_INCREMENT,
  `movie_id` int(10) DEFAULT NULL,
  `index` int(10) DEFAULT NULL,
  `status` varchar(45) DEFAULT 'OK',
  `create_time` timestamp NULL DEFAULT CURRENT_TIMESTAMP,
  PRIMARY KEY (`id`)
) ENGINE=InnoDB AUTO_INCREMENT=57 DEFAULT CHARSET=utf8 COMMENT='ÂàÜÈõÜÁöÑË°®';
/*!40101 SET character_set_client = @saved_cs_client */;

--
-- Dumping data for table `qimei_episode`
--

LOCK TABLES `qimei_episode` WRITE;
/*!40000 ALTER TABLE `qimei_episode` DISABLE KEYS */;
INSERT INTO `qimei_episode` VALUES (1,1,1,'OK','2015-10-01 08:40:59'),(2,1,2,'OK','2015-10-01 08:40:59'),(3,1,3,'OK','2015-10-01 08:40:59'),(4,1,4,'OK','2015-10-01 08:40:59'),(5,1,5,'OK','2015-10-01 08:40:59'),(6,1,6,'OK','2015-10-01 08:40:59'),(7,1,7,'OK','2015-10-01 08:40:59'),(8,1,8,'OK','2015-10-01 08:40:59'),(9,1,9,'OK','2015-10-01 08:40:59'),(10,1,10,'OK','2015-10-01 08:40:59'),(11,1,11,'OK','2015-10-01 08:40:59'),(12,1,12,'OK','2015-10-01 08:40:59'),(13,1,13,'OK','2015-10-01 08:40:59'),(14,1,14,'OK','2015-10-01 08:40:59'),(15,1,15,'OK','2015-10-01 08:40:59'),(16,1,16,'OK','2015-10-01 08:40:59'),(17,1,17,'OK','2015-10-01 08:40:59'),(18,1,18,'OK','2015-10-01 08:40:59'),(19,1,19,'OK','2015-10-01 08:40:59'),(20,1,20,'OK','2015-10-01 08:40:59'),(21,1,21,'OK','2015-10-01 08:40:59'),(22,1,22,'OK','2015-10-01 08:40:59'),(23,1,23,'OK','2015-10-01 08:40:59'),(24,1,24,'OK','2015-10-01 08:40:59'),(25,1,25,'OK','2015-10-01 08:40:59'),(26,1,26,'OK','2015-10-01 08:40:59'),(27,1,27,'OK','2015-10-01 08:40:59'),(28,1,28,'OK','2015-10-01 08:40:59'),(29,1,29,'OK','2015-10-01 08:40:59'),(30,1,30,'OK','2015-10-01 08:40:59'),(31,1,31,'OK','2015-10-01 08:40:59'),(32,1,32,'OK','2015-10-01 08:40:59'),(33,2,1,'OK','2015-10-01 08:40:59'),(34,2,2,'OK','2015-10-01 08:40:59'),(35,2,3,'OK','2015-10-01 08:40:59'),(36,2,4,'OK','2015-10-01 08:40:59'),(37,2,5,'OK','2015-10-01 08:40:59'),(38,2,6,'OK','2015-10-01 08:40:59'),(39,2,7,'OK','2015-10-01 08:40:59'),(40,2,8,'OK','2015-10-01 08:40:59'),(41,2,9,'OK','2015-10-01 08:40:59'),(42,2,10,'OK','2015-10-01 08:40:59'),(43,2,11,'OK','2015-10-01 08:40:59'),(44,2,12,'OK','2015-10-01 08:40:59'),(45,2,13,'OK','2015-10-01 08:40:59'),(46,2,14,'OK','2015-10-01 08:40:59'),(47,2,15,'OK','2015-10-01 08:40:59'),(48,2,16,'OK','2015-10-01 08:40:59'),(49,2,17,'OK','2015-10-01 08:40:59'),(50,2,18,'OK','2015-10-01 08:40:59'),(51,2,19,'OK','2015-10-01 08:40:59'),(52,2,20,'OK','2015-10-01 08:40:59'),(53,2,21,'OK','2015-10-01 08:40:59'),(54,2,22,'OK','2015-10-01 08:40:59'),(55,2,23,'OK','2015-10-01 08:40:59'),(56,2,24,'OK','2015-10-01 08:40:59');
/*!40000 ALTER TABLE `qimei_episode` ENABLE KEYS */;
UNLOCK TABLES;

--
-- Table structure for table `qimei_like`
--

DROP TABLE IF EXISTS `qimei_like`;
/*!40101 SET @saved_cs_client     = @@character_set_client */;
/*!40101 SET character_set_client = utf8 */;
CREATE TABLE `qimei_like` (
  `id` int(10) NOT NULL AUTO_INCREMENT,
  `poster_id` int(10) DEFAULT NULL,
  `user_id` int(10) DEFAULT NULL,
  `status` varchar(45) DEFAULT 'OK' COMMENT 'Áä∂ÊÄÅ',
  `create_time` timestamp NULL DEFAULT CURRENT_TIMESTAMP,
  PRIMARY KEY (`id`)
) ENGINE=InnoDB AUTO_INCREMENT=4 DEFAULT CHARSET=utf8;
/*!40101 SET character_set_client = @saved_cs_client */;

--
-- Dumping data for table `qimei_like`
--

LOCK TABLES `qimei_like` WRITE;
/*!40000 ALTER TABLE `qimei_like` DISABLE KEYS */;
INSERT INTO `qimei_like` VALUES (1,1,1,'OK','2015-10-02 03:08:48'),(2,2,1,'OK','2015-10-02 03:08:48'),(3,1,1,'OK',NULL);
/*!40000 ALTER TABLE `qimei_like` ENABLE KEYS */;
UNLOCK TABLES;

--
-- Table structure for table `qimei_link_actor_movie`
--

DROP TABLE IF EXISTS `qimei_link_actor_movie`;
/*!40101 SET @saved_cs_client     = @@character_set_client */;
/*!40101 SET character_set_client = utf8 */;
CREATE TABLE `qimei_link_actor_movie` (
  `id` int(10) NOT NULL AUTO_INCREMENT,
  `actor_id` int(10) DEFAULT NULL,
  `movie_id` int(10) DEFAULT NULL,
  `name` varchar(45) DEFAULT NULL,
  `status` varchar(45) DEFAULT 'OK' COMMENT 'Áä∂ÊÄÅ',
  `create_time` timestamp NULL DEFAULT CURRENT_TIMESTAMP,
  PRIMARY KEY (`id`)
) ENGINE=InnoDB AUTO_INCREMENT=26 DEFAULT CHARSET=utf8 COMMENT='ÊºîÂëòÂíåÂΩ±ËßÜÁöÑÂ§öÂØπÂ§öÂÖ≥Á≥ªË°®';
/*!40101 SET character_set_client = @saved_cs_client */;

--
-- Dumping data for table `qimei_link_actor_movie`
--

LOCK TABLES `qimei_link_actor_movie` WRITE;
/*!40000 ALTER TABLE `qimei_link_actor_movie` DISABLE KEYS */;
INSERT INTO `qimei_link_actor_movie` VALUES (1,1,1,'‰Ωï‰ª•Áêõ','OK','2015-10-01 10:21:07'),(2,2,1,'ËµµÈªòÁ¨ô','OK','2015-10-01 10:21:07'),(3,3,2,'ÊõæÂ∞èË¥§','OK','2015-10-01 10:21:07'),(4,4,2,'ËÉ°‰∏ÄËè≤','OK','2015-10-01 10:21:07'),(5,5,2,'ÂêïÂ≠ê‰πî','OK','2015-10-01 10:21:07'),(6,6,2,'ÈôàÁæéÂòâ','OK','2015-10-01 10:21:08'),(7,7,3,'Â∞èÈæôÂ•≥','OK','2015-10-01 12:18:45'),(8,7,4,'ËµµÁÅµÂÑø','OK','2015-10-01 12:18:45'),(9,8,3,'Êù®Ëøá','OK','2015-10-01 12:18:45'),(22,3,1,'CÁΩó','OK','2015-10-02 13:36:00'),(23,4,1,'Ê¢ÖË•ø','OK','2015-10-02 13:36:00');
/*!40000 ALTER TABLE `qimei_link_actor_movie` ENABLE KEYS */;
UNLOCK TABLES;

--
-- Table structure for table `qimei_link_actor_poster`
--

DROP TABLE IF EXISTS `qimei_link_actor_poster`;
/*!40101 SET @saved_cs_client     = @@character_set_client */;
/*!40101 SET character_set_client = utf8 */;
CREATE TABLE `qimei_link_actor_poster` (
  `id` int(10) NOT NULL AUTO_INCREMENT,
  `actor_id` int(10) DEFAULT NULL,
  `poster_id` int(10) DEFAULT NULL,
  `status` varchar(45) DEFAULT 'OK' COMMENT 'Áä∂ÊÄÅ',
  `create_time` timestamp NULL DEFAULT CURRENT_TIMESTAMP,
  PRIMARY KEY (`id`)
) ENGINE=InnoDB AUTO_INCREMENT=4 DEFAULT CHARSET=utf8 COMMENT='ÊºîÂëòÂíåÂâßÁÖßÊàñÊà™ÂõæÁöÑÂ§öÂØπÂ§öÂÖ≥Á≥ªË°®';
/*!40101 SET character_set_client = @saved_cs_client */;

--
-- Dumping data for table `qimei_link_actor_poster`
--

LOCK TABLES `qimei_link_actor_poster` WRITE;
/*!40000 ALTER TABLE `qimei_link_actor_poster` DISABLE KEYS */;
INSERT INTO `qimei_link_actor_poster` VALUES (1,1,1,'OK','2015-10-01 13:19:11'),(2,1,2,'OK','2015-10-01 13:19:11'),(3,2,1,'OK','2015-10-01 13:21:25');
/*!40000 ALTER TABLE `qimei_link_actor_poster` ENABLE KEYS */;
UNLOCK TABLES;

--
-- Table structure for table `qimei_movie`
--

DROP TABLE IF EXISTS `qimei_movie`;
/*!40101 SET @saved_cs_client     = @@character_set_client */;
/*!40101 SET character_set_client = utf8 */;
CREATE TABLE `qimei_movie` (
  `id` int(10) NOT NULL AUTO_INCREMENT,
  `name` varchar(45) DEFAULT NULL,
  `avatar` varchar(255) DEFAULT NULL COMMENT '1:1',
  `background1` varchar(255) DEFAULT NULL COMMENT '16:9',
  `background2` varchar(45) DEFAULT NULL COMMENT '5:7',
  `introduction` varchar(255) DEFAULT NULL,
  `type` varchar(45) DEFAULT NULL COMMENT 'ÁîµÂΩ±ÔºåËøûÁª≠ÂâßÔºåËØùÂâßÁ≠âÁ±ªÂà´',
  `tag` varchar(255) DEFAULT NULL COMMENT 'ÊÇ¨ÁñëÔºå‰æ¶Êé¢ÔºåÁà±ÊÉÖÁ≠â',
  `director` varchar(45) DEFAULT NULL,
  `region` varchar(45) DEFAULT NULL,
  `release_time` timestamp NULL DEFAULT NULL,
  `status` varchar(45) DEFAULT 'OK' COMMENT 'Áä∂ÊÄÅ',
  `create_time` timestamp NULL DEFAULT CURRENT_TIMESTAMP,
  PRIMARY KEY (`id`)
) ENGINE=InnoDB AUTO_INCREMENT=8 DEFAULT CHARSET=utf8;
/*!40101 SET character_set_client = @saved_cs_client */;

--
-- Dumping data for table `qimei_movie`
--

LOCK TABLES `qimei_movie` WRITE;
/*!40000 ALTER TABLE `qimei_movie` DISABLE KEYS */;
INSERT INTO `qimei_movie` VALUES (1,'‰Ωï‰ª•Á¨ôÁÆ´Èªò','img/tv/heyi.jpg','img/tv/heyi.jpg',NULL,'Â§ßÂ≠¶Êó∂‰ª£ÁöÑËµµÈªòÁ¨ôÔºåÂØπCÂ§ßÊ≥ïÂ≠¶Á≥ªÂ§ßÊâçÂ≠ê‰Ωï‰ª•Áêõ‰∏ÄËßÅÂÄæÂøÉÔºåÂºÄÊúóÁõ¥ÁéáÁöÑÂ•π‚ÄúÊ≠ªÁº†ÁÉÇÊâì‚ÄùÂú∞ÂÄíËøΩÔºå‰∏é‰ºó‰∏çÂêåÁöÑÊñπÂºèÂê∏Âºï‰∫Ü‰ª•ÁêõÁöÑÁõÆÂÖâÔºå‰∏ÄÊÆµÁ∫ØÁ∫ØÁöÑÊ†°Âõ≠Áà±ÊÉÖÊÇÑÊÇÑÊªãÁîü„ÄÇÁÑ∂ËÄåÔºå‰ª•ÁêõÂØÑÂÖªÂÆ∂Â∫≠ÁöÑÂ¶πÂ¶π‰ª•Áé´ÔºåÈºìËµ∑ÂãáÊ∞îÂêëÈªòÁ¨ôÂÆ£Êàò„ÄÇÂΩìÈªòÁ¨ôÂéªÊâæ‰ª•ÁêõËØÅÂÆûÔºåÊ≤°ÊÉ≥Âà∞Á´üÁÑ∂ÂæóÂà∞‰ª•ÁêõÂÜ∑ÈÖ∑ÁöÑÂõûÂ∫î„ÄÇËØØ‰ª•‰∏∫‰ª•ÁêõÂíå‰ª•Áé´Âú®‰∏ÄËµ∑ÁöÑÈªòÁ¨ôÔºåËêΩÂØûÂú∞Êúç‰ªéÁà∂‰∫≤ÁöÑÂÆâÊéíÔºåÂâçÂæÄÁæéÂõΩÊ∑±ÈÄ†„ÄÇ‰∏ÉÂπ¥ÂêéÔºåÊàê‰∏∫ÊëÑÂΩ±Â∏àÁöÑÈªòÁ¨ôÂõûÊù•‰∫ÜÔºåÂÜçÊ¨°ÈÅáÂà∞ÈÇ£‰∏™Êó†Ê≥ïÂøòÂç¥ÁöÑÁî∑‰∫∫„ÄÇËøôÂØπÂàÜÊâã‰∏ÉÂπ¥ÁöÑÁà±‰∫∫ÔºåÊ®™Âú®‰ªñ‰ª¨‰∏≠','TELEPLAY','ÂÅ∂ÂÉèÂâß/Ë®ÄÊÉÖÂâß/ÈùíÊò•Ââß','Âàò‰øäÊù∞','ÂÜÖÂú∞',NULL,'OK','2015-10-01 08:32:31'),(2,'Áà±ÊÉÖÂÖ¨ÂØì','img/tv/loveapartment.jpg','img/tv/loveapartment.jpg',NULL,'Â∞èË¥§Âíå‰∏ÄËè≤ÁöÑ‰∫ã‰∏öÈÉΩÂºÄÂßãËµ∞‰∏äÊ≠£ËΩ®Ôºå‰ΩÜ‰∫íÁõ∏‰πãÈó¥ÁöÑÊÑüÊÉÖ‰æùÁÑ∂Á£ïÁ£ïÁªäÁªä„ÄÇËÄåÂ≠ê‰πîÂíåÁæéÂòâ‰πãÈó¥ËôΩÁÑ∂ÂÅöÂõû‰∫ÜÁî∑Â•≥ÊúãÂèãÔºå‰ΩÜÂêïÂ≠ê‰πîÁöÑËä±ÂøÉÊú¨ÊÄß‰∏çÊîπ‰πüÁùÄÂÆûËÆ©ÁæéÂòâÂ§¥Áñº„ÄÇÂÖ≥Ë∞∑ÁöÑ‰∫ã‰∏öËí∏Ëí∏Êó•‰∏äÔºå‰ΩÜÊòØÂíåÊÇ†ÊÇ†‰πãÈó¥‰πüËøòÊòØÂÅ∂ÊúâÂ´åÈöô„ÄÇÂ±ïÂçöÂØπ‰∫éÂÆõÁëú‰æùÊóßÈöæ‰ª•ÂøòÊÄÄÔºå‰ΩÜ‰πüÈáçÊñ∞ÂºÄÂßãÂØªÊâæÊñ∞ÁöÑ‰º¥‰æ£„ÄÇÂ§ßÂÆ∂Âú®Áà±ÊÉÖÂÖ¨ÂØì‰∏ÄËµ∑ÁªèËøá‰∫ÜÈÇ£‰πàÂ§öÂπ¥ÔºåÈÇ£‰πàÂ§ö‰∫ãÔºåÊØè‰∏Ä‰∏™‰∫∫ÈÉΩÂºÄÂßãÊ∏êÊ∏êÊòéÁôΩËá™Â∑±ÁöÑÁîüÊ¥ªÊñπÂêëÂíåÂΩºÊ≠§Âú®Ëá™Â∑±ÂøÉ‰∏≠ÁöÑ‰ΩçÁΩÆ„ÄÇ‰∏ç‰ªÖ‰ªÖÊúâÁõ∏‰∫í‰πãÈó¥ÁöÑË∞É‰æÉ„ÄÅÊàèË∞ë„ÄÅÊçâÂºÑÔºå‰πüÊõ¥Â§ö‰∫Ü‰ªΩÁõ∏‰∫íÈºìÂä±„ÄÇ','TELEPLAY','ÂÅ∂ÂÉè/ÈÉΩÂ∏Ç/Ë®ÄÊÉÖ','Èü¶Ê≠£','ÂÜÖÂú∞',NULL,'OK','2015-10-01 08:32:31'),(3,'Á•ûÈõï‰æ†‰æ£','NO_AVATAR','NO_BACKGROUND',NULL,'Á•ûÈõï‰æ†‰æ£ÔºåÊù®ËøáÂíåÂ∞èÈæôÂ•≥ÁöÑÊïÖ‰∫ã','TELEPLAY','Ê≠¶‰æ†/Áà±ÊÉÖ','Âº†Á∫™‰∏≠','ÂÜÖÂú∞',NULL,'OK','2015-10-01 12:16:48'),(4,'‰ªôÂâëÂ•á‰æ†‰º†','NO_AVATAR','NO_BACKGROUND',NULL,'ËÆ≤Ëø∞‰ªô‰æ†ÈÅìÁöÑÊïÖ‰∫ã','TELEPLAY','Â•áÂπª/Áà±ÊÉÖ','Êú™Áü•','ÂÜÖÂú∞',NULL,'OK','2015-10-01 12:17:37'),(6,'ÈªÑÈáëÂ§ßÂä´Ê°à',NULL,NULL,NULL,NULL,'FILM',NULL,NULL,NULL,'2015-10-02 11:11:27','OK',NULL),(7,'Á†¥È£é',NULL,NULL,NULL,NULL,'TELEPLAY',NULL,NULL,NULL,'2015-10-02 11:11:58','DELETED',NULL);
/*!40000 ALTER TABLE `qimei_movie` ENABLE KEYS */;
UNLOCK TABLES;

--
-- Table structure for table `qimei_poster`
--

DROP TABLE IF EXISTS `qimei_poster`;
/*!40101 SET @saved_cs_client     = @@character_set_client */;
/*!40101 SET character_set_client = utf8 */;
CREATE TABLE `qimei_poster` (
  `id` int(10) NOT NULL AUTO_INCREMENT,
  `img` varchar(255) DEFAULT NULL,
  `episode_id` int(10) DEFAULT NULL COMMENT 'Â§öÂØπ‰∏ÄÁöÑÂΩ±ËßÜÂâßÊù•Ê∫ê',
  `frame` int(10) DEFAULT NULL,
  `status` varchar(45) DEFAULT 'OK' COMMENT 'Áä∂ÊÄÅ',
  `create_time` timestamp NULL DEFAULT CURRENT_TIMESTAMP,
  PRIMARY KEY (`id`)
) ENGINE=InnoDB AUTO_INCREMENT=4 DEFAULT CHARSET=utf8 COMMENT='ÂâßÁÖß';
/*!40101 SET character_set_client = @saved_cs_client */;

--
-- Dumping data for table `qimei_poster`
--

LOCK TABLES `qimei_poster` WRITE;
/*!40000 ALTER TABLE `qimei_poster` DISABLE KEYS */;
INSERT INTO `qimei_poster` VALUES (1,'/img',1,80,'OK','2015-10-01 12:35:01'),(2,'NO_IMG_YET',1,90,'OK','2015-10-01 13:21:57'),(3,'/usr/img1.jpg',1,0,'DELETED','2015-10-03 05:21:35');
/*!40000 ALTER TABLE `qimei_poster` ENABLE KEYS */;
UNLOCK TABLES;

--
-- Table structure for table `qimei_touch`
--

DROP TABLE IF EXISTS `qimei_touch`;
/*!40101 SET @saved_cs_client     = @@character_set_client */;
/*!40101 SET character_set_client = utf8 */;
CREATE TABLE `qimei_touch` (
  `id` int(10) NOT NULL AUTO_INCREMENT,
  `poster_id` int(10) DEFAULT NULL,
  `x` double DEFAULT NULL,
  `Y` double DEFAULT NULL,
  `type` varchar(45) DEFAULT NULL COMMENT 'Ë°£ÊúçÔºåÈûãÂ≠êÔºåÁ≠âÁ±ªÂûã',
  `link` varchar(255) CHARACTER SET latin1 DEFAULT NULL COMMENT 'ÈìæÊé•',
  `status` varchar(45) DEFAULT 'OK' COMMENT 'Áä∂ÊÄÅ',
  `create_time` timestamp NULL DEFAULT CURRENT_TIMESTAMP,
  PRIMARY KEY (`id`)
) ENGINE=InnoDB AUTO_INCREMENT=2 DEFAULT CHARSET=utf8 COMMENT='ËøôÊòØ‰∏Ä‰∏™ÂèØ‰ª•ÁÇπÂáªÁöÑËß¶ÊéßÁÇπ';
/*!40101 SET character_set_client = @saved_cs_client */;

--
-- Dumping data for table `qimei_touch`
--

LOCK TABLES `qimei_touch` WRITE;
/*!40000 ALTER TABLE `qimei_touch` DISABLE KEYS */;
INSERT INTO `qimei_touch` VALUES (1,1,8,29,'ÈûãÂ≠ê','http://www.localhost:8080/index.html','OK','2015-10-01 12:34:32');
/*!40000 ALTER TABLE `qimei_touch` ENABLE KEYS */;
UNLOCK TABLES;

--
-- Table structure for table `qimei_user`
--

DROP TABLE IF EXISTS `qimei_user`;
/*!40101 SET @saved_cs_client     = @@character_set_client */;
/*!40101 SET character_set_client = utf8 */;
CREATE TABLE `qimei_user` (
  `id` int(10) NOT NULL,
  `username` varchar(255) DEFAULT NULL,
  `password` varchar(255) DEFAULT NULL,
  `phone` varchar(45) DEFAULT NULL,
  `openid` varchar(255) DEFAULT NULL COMMENT 'ÂæÆ‰ø°ÁöÑopenIdÂè∑„ÄÇ',
  `last_login_ip` varchar(255) DEFAULT NULL,
  `last_login_time` datetime DEFAULT NULL,
  `subscribe` int(10) DEFAULT NULL COMMENT 'ÊòØÂê¶ËÆ¢ÈòÖ',
  `nickname` varchar(255) DEFAULT NULL,
  `sex` varchar(45) DEFAULT NULL,
  `language` varchar(45) DEFAULT NULL,
  `city` varchar(45) DEFAULT NULL,
  `province` varchar(45) DEFAULT NULL,
  `country` varchar(45) DEFAULT NULL,
  `headimgurl` varchar(255) DEFAULT NULL,
  `subscribe_time` int(10) DEFAULT NULL,
  `unionid` varchar(45) DEFAULT NULL,
  `latitude` double DEFAULT NULL,
  `longitude` double DEFAULT NULL,
  `accuracy` double DEFAULT NULL COMMENT 'Âú∞ÁêÜ‰ΩçÁΩÆÁªèÂ∫¶(precision Hibernate‰ºöËé´ÂêçÊä•Èîô)',
  `status` varchar(45) DEFAULT 'OK' COMMENT 'Áä∂ÊÄÅ',
  `create_time` timestamp NULL DEFAULT CURRENT_TIMESTAMP,
  PRIMARY KEY (`id`),
  UNIQUE KEY `openid_UNIQUE` (`openid`)
) ENGINE=InnoDB DEFAULT CHARSET=utf8 COMMENT='Áî®Êà∑Ë°®ÊèèËø∞';
/*!40101 SET character_set_client = @saved_cs_client */;

--
-- Dumping data for table `qimei_user`
--

LOCK TABLES `qimei_user` WRITE;
/*!40000 ALTER TABLE `qimei_user` DISABLE KEYS */;
INSERT INTO `qimei_user` VALUES (1,'admin','$2a$10$4ONqBZdBwiIY52RBd11wn.59Y1s5MKm3OFnGJ34kUFQ1eRLU.RqnS','123',NULL,NULL,NULL,NULL,'admin',NULL,NULL,NULL,NULL,NULL,NULL,NULL,NULL,NULL,NULL,NULL,'OK','2015-10-02 03:07:53');
/*!40000 ALTER TABLE `qimei_user` ENABLE KEYS */;
UNLOCK TABLES;
/*!40103 SET TIME_ZONE=@OLD_TIME_ZONE */;

/*!40101 SET SQL_MODE=@OLD_SQL_MODE */;
/*!40014 SET FOREIGN_KEY_CHECKS=@OLD_FOREIGN_KEY_CHECKS */;
/*!40014 SET UNIQUE_CHECKS=@OLD_UNIQUE_CHECKS */;
/*!40101 SET CHARACTER_SET_CLIENT=@OLD_CHARACTER_SET_CLIENT */;
/*!40101 SET CHARACTER_SET_RESULTS=@OLD_CHARACTER_SET_RESULTS */;
/*!40101 SET COLLATION_CONNECTION=@OLD_COLLATION_CONNECTION */;
/*!40111 SET SQL_NOTES=@OLD_SQL_NOTES */;

-- Dump completed on 2015-10-03 15:15:07
